"ID","서비스","1뎁스 메뉴","2뎁스 화면","3뎁스 기능","구분","업무 단계","기대 결과","결과","실제 값","실행 시각(KST)","GP 버전"
"G1-1","GP","조합","조합 만들기","조합 · 규약 버전 1 생성 (기획)","기능","1. 조합 기획","201, 상태 기획, 규약 버전 1","통과","201 · planning · 규약 v1","2026-10-07 05:50","b99aff1"
"G1-2","GP","조합","조합 만들기","최소 결성액 미달 목표 차단","차단","1. 조합 기획","목표 결성액 10억 < 최소 20억 → 422","통과","422 BELOW_MIN_FUND_SIZE 목표 결성액은 최소 20억 원 이상이어야 합니다 (벤처투자회사·신기사가 결성하는 벤처투자조합)","2026-10-07 05:50","b99aff1"
"G1-3","GP","조합","개요 › 조합 정보 › 운용 인력","대표펀드매니저 선임","기능","1. 조합 기획","운용 인력에 대표 지정됨 (has_lead)","통과","201 · has_lead true","2026-10-07 05:50","b99aff1"
"G1-4","GP","조합","개요 › 상태 이동","모집 시작 (기획 → 모집 중)","기능","1. 조합 기획","이동 조건 충족 → 모집 중","통과","ready true · 200 · fundraising","2026-10-07 05:50","b99aff1"
"G2-4","GP","조합","개요 › 상태 이동","명부 없이 결성 이동 차단","차단","2. 출자자 모집","결성 조건 미충족 → 거부","통과","422 FUND_TRANSITION_NOT_READY 다음 단계로 넘어가기 위한 조건이 충족되지 않았습니다","2026-10-07 05:50","b99aff1"
"G3-1","GP","조합","개요 › 상태 이동","결성 조건표","기능","3. 결성","명부 ✓ · 대표 ✓ · 결성총회 ✗ · 최초 납입 ✗","통과","✓조합원 명부 확정 ✓대표펀드매니저 지정 ✓약정 총액 338. ✗결성총회 결성 안건 ✗최초 납입 캐피탈콜","2026-10-07 05:50","b99aff1"
"G3-5","GP","조합","개요 › 상태 이동","결성 완료 (모집 중 → 결성 완료)","기능","3. 결성","조건 모두 ✓ → 결성 완료","통과","200 · formed","2026-10-07 05:50","b99aff1"
"G3-6","GP","조합","개요 › 조합 정보 › 등록","등록 완료 → 운용 개시","기능","3. 결성","등록 완료일 입력 → 운용 중","통과","200 / 200 · operating","2026-10-07 05:50","b99aff1"
"G7-4","GP","조합","개요 › 상태 이동","청산 완료 (해산 → 청산 완료)","기능","7. 회수 · 분배 · 청산","청산 조건 모두 ✓ → 청산 완료","통과","조건 ✓✓✓✓ · 200 · liquidated","2026-10-07 05:50","b99aff1"
"G2-1","GP","조합","출자자·조합원 › 출자 제안","출자 제안 작성 · 발송","기능","2. 출자자 모집","발송 1회, 통지 생성","통과","201 / 발송 200 · 1회","2026-10-07 05:50","b99aff1"
"G2-2","GP","조합","출자자·조합원 › 출자 제안","같은 출자자 중복 제안 차단","차단","2. 출자자 모집","409 DUPLICATE_PROPOSAL","통과","409 DUPLICATE_PROPOSAL 미래 연금기금에게는 이미 이 조합의 출자 제안이 있습니다 (제안)","2026-10-07 05:50","b99aff1"
"G2-3","GP","조합","출자자·조합원 › 출자 제안","확약 → 모집 달성률","기능","2. 출자자 모집","확약 30억 ÷ 목표 50억 = 60%","통과","200 · 달성률 60.0%","2026-10-07 05:50","b99aff1"
"G3-2","GP","조합","출자자·조합원 › 캐피탈콜","최초 납입 배분 미리보기","기능","3. 결성","조합원별 배분 합계 = 요청액 (약정 비율)","통과","최초 납입 초안 50.8억 · 조합원 4명 · 배분 합계 50.8억","2026-10-07 05:50","b99aff1"
"G3-3","GP","조합","출자자·조합원 › 캐피탈콜","최초 납입 발송","기능","3. 결성","초안 → 발송됨","통과","결성 전 두 번째 요청 409 · 초안 발송 200 · issued","2026-10-07 05:50","b99aff1"
"G4-1","GP","조합","출자자·조합원 › 캐피탈콜","잔여 약정 초과 요청 차단","차단","4. 운용 (납입 · 투자)","4xx (잔여 약정 초과)","통과","422 CALL_EXCEEDS_UNFUNDED 요청액이 조합의 잔여 약정액(189.74억 원)을 넘습니다","2026-10-07 05:50","b99aff1"
"G4-2","GP","조합","출자자·조합원 › 캐피탈콜","캐피탈콜 발송 → 납입 기록 → 원장","기능","4. 운용 (납입 · 투자)","조합원 원장 납입 +요청액","통과","발송 200 · 납입 201 · 원장 +0.38643371억","2026-10-07 05:50","b99aff1"
"G4-4","GP","조합","투자·회수 › 투자 집행","투자 가능 잔액 초과 투자 차단","차단","4. 운용 (납입 · 투자)","422 (투자 가능 잔액 초과)","통과","422 EXCEEDS_INVESTABLE_AMOUNT 투자 가능 잔액(26,892,679,453원)을 넘습니다 · 투자 가능 268.93억","2026-10-07 05:50","b99aff1"
"G4-5","GP","조합","투자·회수 › 투자 집행","신규 투자 집행","기능","4. 운용 (납입 · 투자)","포트폴리오에 기업 · 투자 가능 잔액 −투자액","통과","201 · 포트폴리오 true · 잔액 −5.00억","2026-10-07 05:50","b99aff1"
"G4-6","GP","조합","투자·회수 › 포트폴리오","평가 기록","기능","4. 운용 (납입 · 투자)","기업 평가액 = 기록한 공정가치","통과","201 · 평가액 7억","2026-10-07 05:50","b99aff1"
"G7-1","GP","조합","투자·회수 › 회수","남은 기업 회수 (매각)","기능","7. 회수 · 분배 · 청산","보유 기업 0, 처분손익 기록","통과","201 · 보이스AI 원가 10억 → 8억 · 남은 보유 0","2026-10-07 05:50","b99aff1"
"G7-2","GP","조합","투자·회수 › 분배","최종 분배 워터폴 미리보기","기능","7. 회수 · 분배 · 청산","단계별 금액 합 = 분배 가능액","통과","return_of_capital 15.00억 + hurdle_return 11.47억 = 26.47억 (분배 가능 26.47억)","2026-10-07 05:50","b99aff1"
"G7-3","GP","조합","투자·회수 › 분배","분배 확정 → 지급","기능","7. 회수 · 분배 · 청산","지급됨, 현금 0","통과","201 / 200 / 200 · 현금 0","2026-10-07 05:50","b99aff1"
"G4-7","GP","조합","재무·회계 › 관리보수","관리보수 계산 미리보기","기능","4. 운용 (납입 · 투자)","보수 = 기준 금액 × 요율 × 일수 ÷ 365","통과","486.5억 × 2% × 14일 ÷ 365 = 37320547원 (계산 37320547)","2026-10-07 05:50","b99aff1"
"G4-8","GP","조합","재무·회계 › 관리보수","같은 분기 중복 청구 차단","차단","4. 운용 (납입 · 투자)","4xx (이미 청구한 분기)","통과","409 FEE_PERIOD_OVERLAP 이미 청구된 기간(2026. 09. 17. ~ 2026. 09. 30.)과 겹칩니다","2026-10-07 05:50","b99aff1"
"G6-1","GP","조합","재무·회계 › 현금·비용","기타 비용 기록","기능","6. 재무 · 회계","현금 잔액 −비용","통과","201 · 현금 −10,000,000원","2026-10-07 05:50","b99aff1"
"G6-2","GP","조합","재무·회계 › 장부","시산표 차변 = 대변","기능","6. 재무 · 회계","차변 합 = 대변 합","통과","차변 663.70억 · 대변 663.70억","2026-10-07 05:50","b99aff1"
"G6-3","GP","조합","재무·회계 › 재무제표","재무상태표 균형","기능","6. 재무 · 회계","자산 = 부채 + 자본","통과","자산 222.55억 = 부채 0.00억 + 자본 222.55억 (미결산 이익 35.83억 포함)","2026-10-07 05:50","b99aff1"
"G6-4","GP","조합","재무·회계 › 장부","차대 불일치 수동 분개 차단","차단","6. 재무 · 회계","4xx (차변 ≠ 대변)","통과","422 JOURNAL_NOT_BALANCED 차변 합(1,000원)과 대변 합(500원)이 같아야 합니다","2026-10-07 05:50","b99aff1"
"G6-5","GP","조합","재무·회계 › 결산","사업연도 결산 → 잠긴 기간 기록 차단","차단","6. 재무 · 회계","결산 후 그 연도 날짜 비용 → 4xx","통과","2025년 결산됨 · 409 PERIOD_CLOSED 2025 사업연도(~2025. 12. 31.)는 결산이 끝나 기록할 수 없습니다. 이후 날짜로 기록하세요","2026-10-07 05:50","b99aff1"
"G7-5","GP","조합","재무·회계 › 현금·비용","청산된 조합 기록 차단","차단","7. 회수 · 분배 · 청산","4xx","통과","409 FUND_STATUS_NOT_ALLOWED 기타 비용은 결성 이후에 기록합니다","2026-10-07 05:50","b99aff1"
"G3-4","GP","조합","총회·보고 › 총회","결성총회 소집 · 투표 · 개최","기능","3. 결성","총회일 전 개최는 거부 · 취소 후 다시 소집 → 결성 안건 가결","통과","기존 2026-10-08 총회 · 총회일 전 개최 422 · 취소 200 · 새 총회 201 / 소집 200 / 개최 200 · 결성 안건 passed","2026-10-07 05:50","b99aff1"
"G5-1","GP","조합","총회·보고 › 정기 보고","정기 보고 작성 → 발행","기능","5. 보고 · 총회 · 규약","발행됨 (스냅샷 · 통지)","통과","201 / 200 · published","2026-10-07 05:50","b99aff1"
"G5-2","GP","조합","총회·보고 › 총회","임시총회 규약 변경 안건 가결","기능","5. 보고 · 총회 · 규약","안건 가결","통과","201 / 개최 200 · 안건 passed","2026-10-07 05:50","b99aff1"
"G5-3","GP","조합","총회·보고 › 총회","소집 뒤 안건 추가 차단","차단","5. 보고 · 총회 · 규약","4xx (소집 전만)","통과","409 DOCUMENT_LOCKED 소집 통지를 보낸 뒤에는 일정과 안건을 바꿀 수 없습니다. 총회를 취소하고 다시 여세요","2026-10-07 05:50","b99aff1"
"G5-4","GP","조합","총회·보고 › 규약","가결 안건으로 규약 새 버전","기능","5. 보고 · 총회 · 규약","규약 버전 +1, 바뀐 값 적용","통과","201 · 버전 1 → 2","2026-10-07 05:50","b99aff1"
"G4-3","GP","딜·기업","딜 상세","딜 등록 → 검토 → 투심 → 승인","기능","4. 운용 (납입 · 투자)","메모 없이 투심 422 → 메모 작성 → 투심 → 승인, 단계 이력 4개","통과","기업 201 · 딜 201 · 메모 없이 투심 422 IC_REQUIREMENTS · 메모 201 · 승인 200 · approved · 이력 4","2026-10-07 05:50","b99aff1"
"G8-1","GP","구성원","구성원 상세 › 계정","조회 권한 계정 쓰기 차단","차단","8. 공통","조회 계정으로 조합 만들기 → 403","통과","계정 201 · 권한 200 · 로그인 200 · 쓰기 403 FORBIDDEN 업무 기록은(는) 관리자·운용 권한이 필요합니다 (내 권한: 조회)","2026-10-07 05:50","b99aff1"
"G8-3","GP","LP 연동","LP 연동 API","키 없는 · 틀린 키 요청 차단","차단","8. 공통","401","통과","키 없음 401 · 틀린 키 401","2026-10-07 05:50","b99aff1"
"G8-4","GP","LP 연동","이벤트","연동 이벤트 실패 없음","기능","8. 공통","실패 0","통과","실패 0 · 대기 0 · 전송 398","2026-10-07 05:50","b99aff1"
"G8-2","GP","감사 로그","감사 로그","거부 시도 기록","기능","8. 공통","거부(denied) 기록에 그 요청이 있음","통과","QA 조회 계정 POST /api/v1/funds 403","2026-10-07 05:50","b99aff1"
"G8-5","GP","공통","전체 메뉴 · 조합 탭","모든 메뉴 · 조합 탭 화면 열림","기능","8. 공통","모두 200","통과","메뉴 9 + 조합 탭 19 = 28개 모두 200","2026-10-07 05:50","b99aff1"