"ID","서비스","1뎁스 메뉴","2뎁스 화면","3뎁스 기능","구분","연동","업무 단계","확인 내용","기대 결과","결과","실제 값","실행 시각(KST)","LP 버전","GP 버전"
"Q0-1","공통","로그인","데모로 둘러보기","LP 6개 계정 · GP 데모 로그인","기능","","0. 준비","LP 데모 로그인 (하늘·바다 × 출자 담당·결재권자·관리자), GP 데모 로그인","모두 200","통과","200,200,200,200,200,200,200","2026-10-04 11:39","14f3606","d1a710e"
"Q8-1","LP","대시보드","대시보드","포트폴리오 숫자 = 성과 화면","기능","","8. 성과 · 대시보드","대시보드 포트폴리오 = 성과 화면 합계","TVPI · 납입 · 분배 · 평가액이 같다","통과","TVPI 1.1072 · 납입 35억 · 3건","2026-10-04 11:39","14f3606","d1a710e"
"Q3-3","LP","결재함","결재 상세","권한 없는 승인 차단 (출자 담당)","차단","","3. LP · 심사 · 선정 결재 → GP 확약","출자 담당이 그 결재를 승인 시도","403 (결재권자·관리자만)","통과","403 FORBIDDEN","2026-10-04 11:39","14f3606","d1a710e"
"Q3-4","LP","결재함","결재 상세","선정 승인 → 출자 건 생성 · 예산 사용","기능","","3. LP · 심사 · 선정 결재 → GP 확약","결재권자 승인","LP 제안 ""선정"", 출자 건(결성 대기) 생성, 예산 사용 170억 → 200억","통과","selected · awaiting_formation · 200억 · gp_sync sent","2026-10-04 11:39","14f3606","d1a710e"
"Q5-2","LP","납입·분배","캐피탈콜","캐피탈콜 수신 (웹훅)","연동","GP → LP · GP 캐피탈콜 발송","5. GP · 캐피탈콜 → LP 납입 → 대사","LP 캐피탈콜 목록 (웹훅)","몇 초 안에 ""LP연동 · 5회"" 5억이 들어온다, 기한이 GP와 같다","통과","5회 5억 기한 2026-11-16","2026-10-04 11:39","14f3606","d1a710e"
"Q5-3","LP","납입·분배","캐피탈콜 › 상세","남은 금액 초과 납입 기안 차단","차단","","5. GP · 캐피탈콜 → LP 납입 → 대사","LP 납입 기안을 남은 금액보다 크게","4xx (약정·요청 초과 차단)","통과","422 PAYMENT_EXCEEDS_CALL","2026-10-04 11:39","14f3606","d1a710e"
"Q5-4","LP","납입·분배","캐피탈콜 › 상세","납입 기안 → 승인 → 송금 기록","기능","","5. GP · 캐피탈콜 → LP 납입 → 대사","납입 기안 5억 → 결재권자 승인 → 송금 기록","송금 완료, 우리 장부 납입 +5억","통과","200 · 우리 납입 35억","2026-10-04 11:39","14f3606","d1a710e"
"Q5-5","LP","납입·분배","캐피탈콜 › 상세","같은 요청 두 번 → 한 번만 기록","차단","","5. GP · 캐피탈콜 → LP 납입 → 대사","같은 Idempotency-Key로 송금 기록을 한 번 더","같은 응답, 장부에 두 번 들어가지 않는다","통과","200 · 우리 납입 35억","2026-10-04 11:39","14f3606","d1a710e"
"Q7-1","LP","납입·분배","분배","분배 확정 수신 → 수령 대기","연동","GP → LP · GP 조합 › 투자·회수 › 분배 확정","7. GP · 분배 → LP 수령 → 대사","GP 2차 분배(확정)","LP 분배 ""수령 대기"" 6.98억, GP 확정과 회차·금액 같음","통과","LP 2회 6.98억 announced · GP confirmed","2026-10-04 11:39","14f3606","d1a710e"
"Q7-2","LP","납입·분배","분배","GP 지급됨 · 분배 대사 확인 대기","연동","GP → LP · GP 분배 지급","7. GP · 분배 → LP 수령 → 대사","(준비: 분배일을 오늘로) GP 지급","LP ""GP 지급됨 · 수령 기록 전"", 분배 대사 ""불일치 · 확인 대기""","통과","200  · paid · 10/16.98 mismatched","2026-10-04 11:39","14f3606","d1a710e"
"Q7-3","LP","납입·분배","분배 › 수령 기록","미래 수령일 차단","차단","","7. GP · 분배 → LP 수령 → 대사","LP 수령일을 미래로","4xx (미래 불가)","통과","422 INVALID_DATE","2026-10-04 11:39","14f3606","d1a710e"
"Q7-4","LP","납입·분배","분배 › 수령 기록","수령 기록 → 분배 대사 일치","연동","GP → LP · GP 원장 분배","7. GP · 분배 → LP 수령 → 대사","LP 수령 기록","분배 대사 ""일치"" 16.98억 / 16.98억, 주의 목록에서 빠짐","통과","16.98 / 16.98 matched","2026-10-04 11:39","14f3606","d1a710e"
"Q6-1","LP","사후관리","통지함","GP 공지 수신","연동","GP → LP · GP 조합 › 총회·보고 › 통지 발송","6. 사후관리 · GP 공지·보고·총회 ↔ LP","GP가 LP연동 조합 일반 공지 작성·발송","LP 통지함에 같은 제목으로 들어온다","통과","201/200 · LP 수신","2026-10-04 11:39","14f3606","d1a710e"
"Q6-3","LP","사후관리","GP 보고","정기 보고 수신 · 우리 몫 평가액","연동","GP → LP · GP 조합 › 총회·보고 › 정기 보고","6. 사후관리 · GP 공지·보고·총회 ↔ LP","GP 2026 Q2 정기 보고","LP GP 보고에 우리 몫 평가액과 함께 있다","통과","gp_api · 평가액 23.75억","2026-10-04 11:39","14f3606","d1a710e"
"Q6-4","LP","사후관리","GP 보고 › 상세","검토 완료 → 주의 목록에서 빠짐","기능","","6. 사후관리 · GP 공지·보고·총회 ↔ LP","LP 보고 검토 완료","주의 목록 ""검토하지 않은 GP 보고""에서 빠진다","통과","200 · 주의 distributions,votes_open","2026-10-04 11:39","14f3606","d1a710e"
"Q2-1","LP","출자 심사","출자 제안","연동 GP 제안 자동 접수","연동","GP → LP · GP 조합 › 출자자·조합원 › 출자 제안 발송","2. GP · 출자 제안 · 공고 지원 → LP 자동 접수","GP 딥테크 조합의 하늘연금 출자 제안(30억)","LP 출자 제안에 ""연동""으로 있고 요청액 30억이 같다","통과","LP gp_api 30억 · GP 30억 reviewing","2026-10-04 11:39","14f3606","d1a710e"
"Q2-2","LP","출자 심사","출자 제안","재발송해도 한 건 (중복 방지)","연동","GP → LP · GP 출자 제안 재발송","2. GP · 출자 제안 · 공고 지원 → LP 자동 접수","GP가 같은 제안을 다시 발송","LP에 제안이 하나 더 생기지 않는다 (같은 이벤트·같은 제안은 한 번만)","통과","GP 재발송 200 · LP 딥테크 제안 1건","2026-10-04 11:39","14f3606","d1a710e"
"Q3-1","LP","출자 심사","출자 제안 › 상세","부문 한도 초과 선정 차단 기록","차단","","3. LP · 심사 · 선정 결재 → GP 확약","탈락한 미래로 제안","단계 이력에 ""부문 잔여 30억 / 이번 50억""으로 선정 결재가 막힌 기록","통과","탈락 — 선정 결재 기안이 막힘: 모집 부문 출자 예정액 (초기 부문): 부문 잔여 30억 원 / 이번 50","2026-10-04 11:39","14f3606","d1a710e"
"Q3-2","LP","출자 심사","출자 제안 › 선정 결재","선정 결재 기안","기능","","3. LP · 심사 · 선정 결재 → GP 확약","딥테크 선정 결재 기안 (출자 담당)","201, 결재함에 대기 1건","통과","201 ","2026-10-04 11:39","14f3606","d1a710e"
"Q1-2","LP","출자 심사","출자사업","모집 부문 접수 · 선정 현황","기능","","1. LP · 출자 계획","2026년 정기 출자사업 초기 부문","출자 예정액 200억, 접수 3건 · 선정 2곳","통과","200억 · 3건 · 선정 2","2026-10-04 11:39","14f3606","d1a710e"
"Q2-5","LP","출자 심사","출자사업 › 접수된 제안","공고 지원 → 부문에 공고형 자동 접수","연동","GP → LP · GP 출자사업 공고 › 지원","2. GP · 출자 제안 · 공고 지원 → LP 자동 접수","GP 넥스트 바이오(초기)로 하늘 초기 부문 지원 (20억)","GP ""접수됨"", LP 초기 부문에 공고형 제안으로 자동 접수","통과","GP 201 sent · LP program 초기 부문","2026-10-04 11:39","14f3606","d1a710e"
"Q1-3","LP","출자 심사","공고 게시판","다른 기관 공고 보기 (공고 항목만)","연동","","1. LP · 출자 계획","공고 게시판 (R8)","바다 사용자에게 하늘 공고, 하늘 사용자에게 바다 ""하반기 성장 출자사업""이 보인다 (공고 항목만, 예산 없음)","통과","바다→하늘 true · 하늘→바다 true","2026-10-04 11:39","14f3606","d1a710e"
"Q1-1","LP","출자 심사","출자 예산","예산 총액 · 분야별 배분 · 사용액","기능","","1. LP · 출자 계획","2026 예산","총액 500억, 분야별 배분 합 500억, 사용 170억(선정 + 결재 대기)","통과","500 · 500 · 170","2026-10-04 11:39","14f3606","d1a710e"
"Q9-3","LP","포트폴리오","출자 건","청산 후 새 캐피탈콜 차단","차단","","9. 청산","청산된 출자 건에 새 캐피탈콜","409","통과","409 COMMITMENT_NOT_ACTIVE","2026-10-04 11:39","14f3606","d1a710e"
"Q4-1","LP","포트폴리오","출자 건 › 결성 확인","약정액 > 결성액 입력 차단","차단","","4. 결성 · LP 결성 확인","새솔(수기) 결성 확인에 약정액 > 결성액 입력","400 (약정액이 결성액보다 클 수 없음)","통과","400 VALIDATION_ERROR","2026-10-04 11:39","14f3606","d1a710e"
"Q4-2","LP","포트폴리오","출자 건 › 결성 확인","수기 조합 결성 확인 → 활성","기능","","4. 결성 · LP 결성 확인","새솔 결성 확인 (약정 100억, 결성액 300억, 결성일 10/02)","출자 건 ""활성"", 우리 장부 약정 100억, 조합 상태 결성 완료","통과","200  · active · 100억 · formed","2026-10-04 11:39","14f3606","d1a710e"
"Q4-3","LP","포트폴리오","출자 건 › 장부 · 대사","약정 대사 일치","연동","GP → LP · GP 조합원·원장","4. 결성 · LP 결성 확인","연동 조합(LP연동)의 약정","우리 장부 = GP 원장 사본 50억, 약정 대사 ""일치""","통과","50 / 50 matched","2026-10-04 11:39","14f3606","d1a710e"
"Q5-6","LP","포트폴리오","출자 건 › 장부 · 대사","납입 대사 불일치 · 확인 대기","연동","GP → LP · GP 입금 기록 전","5. GP · 캐피탈콜 → LP 납입 → 대사","GP 입금 기록 전 LP 납입 대사","""불일치 · 확인 대기"" (우리 35억 / GP 30억)","통과","35 / 30 mismatched","2026-10-04 11:39","14f3606","d1a710e"
"Q5-7","LP","포트폴리오","출자 건 › 장부 · 대사","납입 대사 일치","연동","GP → LP · GP 캐피탈콜 입금 기록","5. GP · 캐피탈콜 → LP 납입 → 대사","GP가 하늘연금 입금 5억 기록","LP 납입 대사 ""일치"" 35억 / 35억 (웹훅)","통과","201 · 35 / 35 matched","2026-10-04 11:39","14f3606","d1a710e"
"Q9-1","LP","포트폴리오","출자 건 › 청산 확인","조건 미충족 청산 차단","차단","","9. 청산","한결 조합 청산 완료 후, 미납 콜이 있는 채로 청산 확인","422, 조건표에 ""미완납 캐피탈콜"" ✕","통과","422 CLOSE_CHECK_FAILED","2026-10-04 11:39","14f3606","d1a710e"
"Q9-2","LP","포트폴리오","출자 건 › 청산 확인","청산 확인 → 최종 성과 고정","기능","","9. 청산","남은 콜 납입 → 청산 확인","출자 건 ""청산"", 최종 성과 고정","통과","200 · closed · 납입 20억","2026-10-04 11:39","14f3606","d1a710e"
"Q8-2","LP","포트폴리오","성과","화면 간 숫자 일치 점검","기능","","8. 성과 · 대시보드","숫자 일치 점검 (check:numbers --demo)","모두 일치","통과","✔ 모두 일치 (확인 89개)","2026-10-04 11:39","14f3606","d1a710e"
"Q0-2","LP","기관 설정","GP 연동","연결 상태 · 처리 실패 이벤트","기능","","0. 준비","LP 연동 설정 (관리자)","GP 연결 1개, 처리 실패 이벤트 0","통과","연결 VC ERP (GP) 데모 · 실패 0","2026-10-04 11:39","14f3606","d1a710e"
"Q10-3","LP","기관 설정","GP 연동","놓친 이벤트 지금 가져오기","연동","GP → LP · GP 이벤트 목록","10. 공통 안전장치","관리자 ""지금 가져오기"" (놓친 이벤트 가져오기)","200, 새로 실패한 이벤트 0","통과","200 · 실패 0","2026-10-04 11:39","14f3606","d1a710e"
"Q2-6","LP","연동 API","공고 지원 받기","서명 위조 요청 차단","연동 · 차단","GP → LP","2. GP · 출자 제안 · 공고 지원 → LP 자동 접수","서명이 틀린 공고 지원 요청","401","통과","401","2026-10-04 11:39","14f3606","d1a710e"
"Q10-2","LP","연동 API","웹훅 받기","서명 위조 웹훅 차단 · 저장 안 됨","연동 · 차단","GP → LP","10. 공통 안전장치","서명이 틀린 웹훅","401, 인박스에 저장되지 않음","통과","401 · 인박스 13 → 13","2026-10-04 11:39","14f3606","d1a710e"
"Q10-1","LP","공통","기관 분리","다른 기관 데이터 404","차단","","10. 공통 안전장치","바다성장출자로 하늘연금 출자 건·제안·예산·콜 주소 열기","모두 404","통과","404,404,404,404","2026-10-04 11:39","14f3606","d1a710e"
"Q10-4","LP","공통","전체 메뉴","모든 메뉴 목록 화면 열림","기능","","10. 공통 안전장치","LP 모든 메뉴 목록 화면 (탭 포함)","모두 200","통과","모두 200","2026-10-04 11:39","14f3606","d1a710e"
"Q3-5","GP","조합","출자자·조합원 › 출자 제안","확약 · LP 직접 표시","연동","LP → GP · LP 결재함 선정 승인","3. LP · 심사 · 선정 결재 → GP 확약","GP 딥테크 출자 제안","하늘연금 ""확약"", 확약 30억, decided_via = lp_system(""LP 직접"")","통과","committed · 30억 · lp_system","2026-10-04 11:39","14f3606","d1a710e"
"Q3-6","GP","조합","출자자·조합원 › 출자 제안","앵커 조건 (필요한 최소 결성액)","연동","LP → GP · LP 출자 제안 선정 조건","3. LP · 심사 · 선정 결재 → GP 확약","넥스트 바이오 공고 지원을 심사 · 선정 (20억, 비율 상한 25%, 결성 기한 2027-03-31)","GP 확약 + 앵커 조건: 필요한 최소 결성액 80억, 결성 기한 2027-03-31","통과","200 sent · 필요 80억 · 남은 0억","2026-10-04 11:39","14f3606","d1a710e"
"Q5-1","GP","조합","출자자·조합원 › 캐피탈콜","캐피탈콜 작성 · 발송 (LP별 배분)","기능","","5. GP · 캐피탈콜 → LP 납입 → 대사","GP가 LP연동 조합 5회 캐피탈콜 작성·발송 (총 15억)","201 · 발송됨, 하늘연금 몫 5억","통과","201/200  · 하늘 5억","2026-10-04 11:39","14f3606","d1a710e"
"Q6-5","GP","조합","총회·보고 › 총회","LP 직접 투표 표시 (안건별)","연동","LP → GP · LP 사후관리 › 총회 투표 결재","6. 사후관리 · GP 공지·보고·총회 ↔ LP","LP 정기총회 찬반 → 투표 결재 → 승인","GP 총회 두 안건 모두 하늘연금 ""LP 직접 · 찬성""","통과","LP 직접 for / LP 직접 for","2026-10-04 11:39","14f3606","d1a710e"
"Q6-2","GP","조합","총회·보고 › 통지","LP 받음 확인 시각 표시","연동","LP → GP · LP 사후관리 › 통지함 받음 확인","6. 사후관리 · GP 공지·보고·총회 ↔ LP","LP가 받음 확인","GP 공지 수신자 목록에서 하늘연금 확인 시각이 찍힌다","통과","200 gp_sync sent · GP 2026-10-04T02:39:04.386441+00:00","2026-10-04 11:39","14f3606","d1a710e"
"Q2-3","GP","출자사업 공고","공고 목록","LP 게시판 읽기 · 연동 기관 표시","연동","LP → GP · LP 출자 심사 › 공고 게시판","2. GP · 출자 제안 · 공고 지원 → LP 자동 접수","GP ""출자사업 공고""","LP 게시판과 같은 두 기관 공고, 둘 다 ""연동""","통과","하늘연금 (데모) 연동 / 바다성장출자 (데모) 연동","2026-10-04 11:39","14f3606","d1a710e"
"Q2-4","GP","출자사업 공고","공고 상세 › 지원","조합 분야 ≠ 부문 분야 지원 차단","차단","","2. GP · 출자 제안 · 공고 지원 → LP 자동 접수","성장 조합(그로스 1호)으로 초기 부문 지원","422 STRATEGY_MISMATCH","통과","422 STRATEGY_MISMATCH","2026-10-04 11:39","14f3606","d1a710e"