"생애주기 단계","ID","서비스","1뎁스 메뉴","2뎁스 화면","3뎁스 기능","구분","연동","기대 결과","결과","실제 값","출처"
"1. 출자 계획 · 공고","Q1-1","LP","출자 심사","출자 예산","예산 총액 · 분야별 배분 · 사용액","기능","","총액 500억, 분야별 배분 합 500억, 사용 170억(선정 + 결재 대기)","통과","500 · 500 · 170","LP · 연동 QA"
"1. 출자 계획 · 공고","Q1-2","LP","출자 심사","출자사업","모집 부문 접수 · 선정 현황","기능","","출자 예정액 200억, 접수 3건 · 선정 2곳","통과","200억 · 3건 · 선정 2","LP · 연동 QA"
"1. 출자 계획 · 공고","Q1-3","LP","출자 심사","공고 게시판","다른 기관 공고 보기 (공고 항목만)","연동","","바다 사용자에게 하늘 공고, 하늘 사용자에게 바다 ""하반기 성장 출자사업""이 보인다 (공고 항목만, 예산 없음)","통과","바다→하늘 true · 하늘→바다 true","LP · 연동 QA"
"2. 조합 기획","G1-1","GP","조합","조합 만들기","조합 · 규약 버전 1 생성 (기획)","기능","","201, 상태 기획, 규약 버전 1","통과","201 · planning · 규약 v1","GP 단독 QA"
"2. 조합 기획","G1-2","GP","조합","조합 만들기","최소 결성액 미달 목표 차단","차단","","목표 결성액 10억 < 최소 20억 → 422","통과","422 BELOW_MIN_FUND_SIZE 목표 결성액은 최소 20억 원 이상이어야 합니다 (벤처투자회사·신기사가 결성하는 벤처투자조합)","GP 단독 QA"
"2. 조합 기획","G1-3","GP","조합","개요 › 조합 정보 › 운용 인력","대표펀드매니저 선임","기능","","운용 인력에 대표 지정됨 (has_lead)","통과","201 · has_lead true","GP 단독 QA"
"2. 조합 기획","G1-4","GP","조합","개요 › 상태 이동","모집 시작 (기획 → 모집 중)","기능","","이동 조건 충족 → 모집 중","통과","ready true · 200 · fundraising","GP 단독 QA"
"3. 모집 · 심사 · 선정","G2-1","GP","조합","출자자·조합원 › 출자 제안","출자 제안 작성 · 발송","기능","","발송 1회, 통지 생성","통과","201 / 발송 200 · 1회","GP 단독 QA"
"3. 모집 · 심사 · 선정","G2-2","GP","조합","출자자·조합원 › 출자 제안","같은 출자자 중복 제안 차단","차단","","409 DUPLICATE_PROPOSAL","통과","409 DUPLICATE_PROPOSAL 미래 연금기금에게는 이미 이 조합의 출자 제안이 있습니다 (제안)","GP 단독 QA"
"3. 모집 · 심사 · 선정","G2-3","GP","조합","출자자·조합원 › 출자 제안","확약 → 모집 달성률","기능","","확약 30억 ÷ 목표 50억 = 60%","통과","200 · 달성률 60.0%","GP 단독 QA"
"3. 모집 · 심사 · 선정","G2-4","GP","조합","개요 › 상태 이동","명부 없이 결성 이동 차단","차단","","결성 조건 미충족 → 거부","통과","422 FUND_TRANSITION_NOT_READY 다음 단계로 넘어가기 위한 조건이 충족되지 않았습니다","GP 단독 QA"
"3. 모집 · 심사 · 선정","Q2-1","LP","출자 심사","출자 제안","연동 GP 제안 자동 접수","연동","GP → LP · GP 조합 › 출자자·조합원 › 출자 제안 발송","LP 출자 제안에 ""연동""으로 있고 요청액 30억이 같다","통과","LP gp_api 30억 · GP 30억 reviewing","LP · 연동 QA"
"3. 모집 · 심사 · 선정","Q2-2","LP","출자 심사","출자 제안","재발송해도 한 건 (중복 방지)","연동","GP → LP · GP 출자 제안 재발송","LP에 제안이 하나 더 생기지 않는다 (같은 이벤트·같은 제안은 한 번만)","통과","GP 재발송 200 · LP 딥테크 제안 1건","LP · 연동 QA"
"3. 모집 · 심사 · 선정","Q2-3","GP","출자사업 공고","공고 목록","LP 게시판 읽기 · 연동 기관 표시","연동","LP → GP · LP 출자 심사 › 공고 게시판","LP 게시판과 같은 두 기관 공고, 둘 다 ""연동""","통과","하늘연금 (데모) 연동 / 바다성장출자 (데모) 연동","LP · 연동 QA"
"3. 모집 · 심사 · 선정","Q2-4","GP","출자사업 공고","공고 상세 › 지원","조합 분야 ≠ 부문 분야 지원 차단","차단","","422 STRATEGY_MISMATCH","통과","422 STRATEGY_MISMATCH","LP · 연동 QA"
"3. 모집 · 심사 · 선정","Q2-5","LP","출자 심사","출자사업 › 접수된 제안","공고 지원 → 부문에 공고형 자동 접수","연동","GP → LP · GP 출자사업 공고 › 지원","GP ""접수됨"", LP 초기 부문에 공고형 제안으로 자동 접수","통과","GP 201 sent · LP program 초기 부문","LP · 연동 QA"
"3. 모집 · 심사 · 선정","Q2-6","LP","연동 API","공고 지원 받기","서명 위조 요청 차단","연동 · 차단","GP → LP","401","통과","401","LP · 연동 QA"
"3. 모집 · 심사 · 선정","Q3-1","LP","출자 심사","출자 제안 › 상세","부문 한도 초과 선정 차단 기록","차단","","단계 이력에 ""부문 잔여 30억 / 이번 50억""으로 선정 결재가 막힌 기록","통과","탈락 — 선정 결재 기안이 막힘: 모집 부문 출자 예정액 (초기 부문): 부문 잔여 30억 원 / 이번 50","LP · 연동 QA"
"3. 모집 · 심사 · 선정","Q3-2","LP","출자 심사","출자 제안 › 선정 결재","선정 결재 기안","기능","","201, 결재함에 대기 1건","통과","201 ","LP · 연동 QA"
"3. 모집 · 심사 · 선정","Q3-3","LP","결재함","결재 상세","권한 없는 승인 차단 (출자 담당)","차단","","403 (결재권자·관리자만)","통과","403 FORBIDDEN","LP · 연동 QA"
"3. 모집 · 심사 · 선정","Q3-4","LP","결재함","결재 상세","선정 승인 → 출자 건 생성 · 예산 사용","기능","","LP 제안 ""선정"", 출자 건(결성 대기) 생성, 예산 사용 170억 → 200억","통과","selected · awaiting_formation · 200억 · gp_sync sent","LP · 연동 QA"
"3. 모집 · 심사 · 선정","Q3-5","GP","조합","출자자·조합원 › 출자 제안","확약 · LP 직접 표시","연동","LP → GP · LP 결재함 선정 승인","하늘연금 ""확약"", 확약 30억, decided_via = lp_system(""LP 직접"")","통과","committed · 30억 · lp_system","LP · 연동 QA"
"3. 모집 · 심사 · 선정","Q3-6","GP","조합","출자자·조합원 › 출자 제안","앵커 조건 (필요한 최소 결성액)","연동","LP → GP · LP 출자 제안 선정 조건","GP 확약 + 앵커 조건: 필요한 최소 결성액 80억, 결성 기한 2027-03-31","통과","200 sent · 필요 80억 · 남은 0억","LP · 연동 QA"
"4. 결성","G3-1","GP","조합","개요 › 상태 이동","결성 조건표","기능","","명부 ✓ · 대표 ✓ · 결성총회 ✗ · 최초 납입 ✗","통과","✓조합원 명부 확정 ✓대표펀드매니저 지정 ✓약정 총액 338. ✗결성총회 결성 안건 ✗최초 납입 캐피탈콜","GP 단독 QA"
"4. 결성","G3-2","GP","조합","출자자·조합원 › 캐피탈콜","최초 납입 배분 미리보기","기능","","조합원별 배분 합계 = 요청액 (약정 비율)","통과","최초 납입 초안 50.8억 · 조합원 4명 · 배분 합계 50.8억","GP 단독 QA"
"4. 결성","G3-3","GP","조합","출자자·조합원 › 캐피탈콜","최초 납입 발송","기능","","초안 → 발송됨","통과","결성 전 두 번째 요청 409 · 초안 발송 200 · issued","GP 단독 QA"
"4. 결성","G3-4","GP","조합","총회·보고 › 총회","결성총회 소집 · 투표 · 개최","기능","","총회일 전 개최는 거부 · 취소 후 다시 소집 → 결성 안건 가결","통과","기존 2026-10-08 총회 · 총회일 전 개최 422 · 취소 200 · 새 총회 201 / 소집 200 / 개최 200 · 결성 안건 passed","GP 단독 QA"
"4. 결성","G3-5","GP","조합","개요 › 상태 이동","결성 완료 (모집 중 → 결성 완료)","기능","","조건 모두 ✓ → 결성 완료","통과","200 · formed","GP 단독 QA"
"4. 결성","G3-6","GP","조합","개요 › 조합 정보 › 등록","등록 완료 → 운용 개시","기능","","등록 완료일 입력 → 운용 중","통과","200 / 200 · operating","GP 단독 QA"
"4. 결성","Q4-1","LP","포트폴리오","출자 건 › 결성 확인","약정액 > 결성액 입력 차단","차단","","400 (약정액이 결성액보다 클 수 없음)","통과","400 VALIDATION_ERROR","LP · 연동 QA"
"4. 결성","Q4-2","LP","포트폴리오","출자 건 › 결성 확인","수기 조합 결성 확인 → 활성","기능","","출자 건 ""활성"", 우리 장부 약정 100억, 조합 상태 결성 완료","통과","200  · active · 100억 · formed","LP · 연동 QA"
"4. 결성","Q4-3","LP","포트폴리오","출자 건 › 장부 · 대사","약정 대사 일치","연동","GP → LP · GP 조합원·원장","우리 장부 = GP 원장 사본 50억, 약정 대사 ""일치""","통과","50 / 50 matched","LP · 연동 QA"
"5. 납입 · 투자 운용","G4-1","GP","조합","출자자·조합원 › 캐피탈콜","잔여 약정 초과 요청 차단","차단","","4xx (잔여 약정 초과)","통과","422 CALL_EXCEEDS_UNFUNDED 요청액이 조합의 잔여 약정액(189.74억 원)을 넘습니다","GP 단독 QA"
"5. 납입 · 투자 운용","G4-2","GP","조합","출자자·조합원 › 캐피탈콜","캐피탈콜 발송 → 납입 기록 → 원장","기능","","조합원 원장 납입 +요청액","통과","발송 200 · 납입 201 · 원장 +0.38643371억","GP 단독 QA"
"5. 납입 · 투자 운용","G4-3","GP","딜·기업","딜 상세","딜 등록 → 검토 → 투심 → 승인","기능","","메모 없이 투심 422 → 메모 작성 → 투심 → 승인, 단계 이력 4개","통과","기업 201 · 딜 201 · 메모 없이 투심 422 IC_REQUIREMENTS · 메모 201 · 승인 200 · approved · 이력 4","GP 단독 QA"
"5. 납입 · 투자 운용","G4-4","GP","조합","투자·회수 › 투자 집행","투자 가능 잔액 초과 투자 차단","차단","","422 (투자 가능 잔액 초과)","통과","422 EXCEEDS_INVESTABLE_AMOUNT 투자 가능 잔액(26,892,679,453원)을 넘습니다 · 투자 가능 268.93억","GP 단독 QA"
"5. 납입 · 투자 운용","G4-5","GP","조합","투자·회수 › 투자 집행","신규 투자 집행","기능","","포트폴리오에 기업 · 투자 가능 잔액 −투자액","통과","201 · 포트폴리오 true · 잔액 −5.00억","GP 단독 QA"
"5. 납입 · 투자 운용","G4-6","GP","조합","투자·회수 › 포트폴리오","평가 기록","기능","","기업 평가액 = 기록한 공정가치","통과","201 · 평가액 7억","GP 단독 QA"
"5. 납입 · 투자 운용","G4-7","GP","조합","재무·회계 › 관리보수","관리보수 계산 미리보기","기능","","보수 = 기준 금액 × 요율 × 일수 ÷ 365","통과","486.5억 × 2% × 14일 ÷ 365 = 37320547원 (계산 37320547)","GP 단독 QA"
"5. 납입 · 투자 운용","G4-8","GP","조합","재무·회계 › 관리보수","같은 분기 중복 청구 차단","차단","","4xx (이미 청구한 분기)","통과","409 FEE_PERIOD_OVERLAP 이미 청구된 기간(2026. 09. 17. ~ 2026. 09. 30.)과 겹칩니다","GP 단독 QA"
"5. 납입 · 투자 운용","Q5-1","GP","조합","출자자·조합원 › 캐피탈콜","캐피탈콜 작성 · 발송 (LP별 배분)","기능","","201 · 발송됨, 하늘연금 몫 5억","통과","201/200  · 하늘 5억","LP · 연동 QA"
"5. 납입 · 투자 운용","Q5-2","LP","납입·분배","캐피탈콜","캐피탈콜 수신 (웹훅)","연동","GP → LP · GP 캐피탈콜 발송","몇 초 안에 ""LP연동 · 5회"" 5억이 들어온다, 기한이 GP와 같다","통과","5회 5억 기한 2026-11-16","LP · 연동 QA"
"5. 납입 · 투자 운용","Q5-3","LP","납입·분배","캐피탈콜 › 상세","남은 금액 초과 납입 기안 차단","차단","","4xx (약정·요청 초과 차단)","통과","422 PAYMENT_EXCEEDS_CALL","LP · 연동 QA"
"5. 납입 · 투자 운용","Q5-4","LP","납입·분배","캐피탈콜 › 상세","납입 기안 → 승인 → 송금 기록","기능","","송금 완료, 우리 장부 납입 +5억","통과","200 · 우리 납입 35억","LP · 연동 QA"
"5. 납입 · 투자 운용","Q5-5","LP","납입·분배","캐피탈콜 › 상세","같은 요청 두 번 → 한 번만 기록","차단","","같은 응답, 장부에 두 번 들어가지 않는다","통과","200 · 우리 납입 35억","LP · 연동 QA"
"5. 납입 · 투자 운용","Q5-6","LP","포트폴리오","출자 건 › 장부 · 대사","납입 대사 불일치 · 확인 대기","연동","GP → LP · GP 입금 기록 전","""불일치 · 확인 대기"" (우리 35억 / GP 30억)","통과","35 / 30 mismatched","LP · 연동 QA"
"5. 납입 · 투자 운용","Q5-7","LP","포트폴리오","출자 건 › 장부 · 대사","납입 대사 일치","연동","GP → LP · GP 캐피탈콜 입금 기록","LP 납입 대사 ""일치"" 35억 / 35억 (웹훅)","통과","201 · 35 / 35 matched","LP · 연동 QA"
"6. 보고 · 총회 · 통지","G5-1","GP","조합","총회·보고 › 정기 보고","정기 보고 작성 → 발행","기능","","발행됨 (스냅샷 · 통지)","통과","201 / 200 · published","GP 단독 QA"
"6. 보고 · 총회 · 통지","G5-2","GP","조합","총회·보고 › 총회","임시총회 규약 변경 안건 가결","기능","","안건 가결","통과","201 / 개최 200 · 안건 passed","GP 단독 QA"
"6. 보고 · 총회 · 통지","G5-3","GP","조합","총회·보고 › 총회","소집 뒤 안건 추가 차단","차단","","4xx (소집 전만)","통과","409 DOCUMENT_LOCKED 소집 통지를 보낸 뒤에는 일정과 안건을 바꿀 수 없습니다. 총회를 취소하고 다시 여세요","GP 단독 QA"
"6. 보고 · 총회 · 통지","G5-4","GP","조합","총회·보고 › 규약","가결 안건으로 규약 새 버전","기능","","규약 버전 +1, 바뀐 값 적용","통과","201 · 버전 1 → 2","GP 단독 QA"
"6. 보고 · 총회 · 통지","Q6-1","LP","사후관리","통지함","GP 공지 수신","연동","GP → LP · GP 조합 › 총회·보고 › 통지 발송","LP 통지함에 같은 제목으로 들어온다","통과","201/200 · LP 수신","LP · 연동 QA"
"6. 보고 · 총회 · 통지","Q6-2","GP","조합","총회·보고 › 통지","LP 받음 확인 시각 표시","연동","LP → GP · LP 사후관리 › 통지함 받음 확인","GP 공지 수신자 목록에서 하늘연금 확인 시각이 찍힌다","통과","200 gp_sync sent · GP 2026-10-04T10:56:52.809892+00:00","LP · 연동 QA"
"6. 보고 · 총회 · 통지","Q6-3","LP","사후관리","GP 보고","정기 보고 수신 · 우리 몫 평가액","연동","GP → LP · GP 조합 › 총회·보고 › 정기 보고","LP GP 보고에 우리 몫 평가액과 함께 있다","통과","gp_api · 평가액 23.75억","LP · 연동 QA"
"6. 보고 · 총회 · 통지","Q6-4","LP","사후관리","GP 보고 › 상세","검토 완료 → 주의 목록에서 빠짐","기능","","주의 목록 ""검토하지 않은 GP 보고""에서 빠진다","통과","200 · 주의 distributions,votes_open","LP · 연동 QA"
"6. 보고 · 총회 · 통지","Q6-5","GP","조합","총회·보고 › 총회","LP 직접 투표 표시 (안건별)","연동","LP → GP · LP 사후관리 › 총회 투표 결재","GP 총회 두 안건 모두 하늘연금 ""LP 직접 · 찬성""","통과","LP 직접 for / LP 직접 for","LP · 연동 QA"
"7. 재무 · 회계","G6-1","GP","조합","재무·회계 › 현금·비용","기타 비용 기록","기능","","현금 잔액 −비용","통과","201 · 현금 −10,000,000원","GP 단독 QA"
"7. 재무 · 회계","G6-2","GP","조합","재무·회계 › 장부","시산표 차변 = 대변","기능","","차변 합 = 대변 합","통과","차변 663.70억 · 대변 663.70억","GP 단독 QA"
"7. 재무 · 회계","G6-3","GP","조합","재무·회계 › 재무제표","재무상태표 균형","기능","","자산 = 부채 + 자본","통과","자산 222.55억 = 부채 0.00억 + 자본 222.55억 (미결산 이익 35.83억 포함)","GP 단독 QA"
"7. 재무 · 회계","G6-4","GP","조합","재무·회계 › 장부","차대 불일치 수동 분개 차단","차단","","4xx (차변 ≠ 대변)","통과","422 JOURNAL_NOT_BALANCED 차변 합(1,000원)과 대변 합(500원)이 같아야 합니다","GP 단독 QA"
"7. 재무 · 회계","G6-5","GP","조합","재무·회계 › 결산","사업연도 결산 → 잠긴 기간 기록 차단","차단","","결산 후 그 연도 날짜 비용 → 4xx","통과","2025년 결산됨 · 409 PERIOD_CLOSED 2025 사업연도(~2025. 12. 31.)는 결산이 끝나 기록할 수 없습니다. 이후 날짜로 기록하세요","GP 단독 QA"
"8. 회수 · 분배","G7-1","GP","조합","투자·회수 › 회수","남은 기업 회수 (매각)","기능","","보유 기업 0, 처분손익 기록","통과","201 · 보이스AI 원가 10억 → 8억 · 남은 보유 0","GP 단독 QA"
"8. 회수 · 분배","G7-2","GP","조합","투자·회수 › 분배","최종 분배 워터폴 미리보기","기능","","단계별 금액 합 = 분배 가능액","통과","return_of_capital 15.00억 + hurdle_return 11.47억 = 26.47억 (분배 가능 26.47억)","GP 단독 QA"
"8. 회수 · 분배","G7-3","GP","조합","투자·회수 › 분배","분배 확정 → 지급","기능","","지급됨, 현금 0","통과","201 / 200 / 200 · 현금 0","GP 단독 QA"
"8. 회수 · 분배","Q7-1","LP","납입·분배","분배","분배 확정 수신 → 수령 대기","연동","GP → LP · GP 조합 › 투자·회수 › 분배 확정","LP 분배 ""수령 대기"" 6.98억, GP 확정과 회차·금액 같음","통과","LP 2회 6.98억 announced · GP confirmed","LP · 연동 QA"
"8. 회수 · 분배","Q7-2","LP","납입·분배","분배","GP 지급됨 · 분배 대사 확인 대기","연동","GP → LP · GP 분배 지급","LP ""GP 지급됨 · 수령 기록 전"", 분배 대사 ""불일치 · 확인 대기""","통과","200  · paid · 10/16.98 mismatched","LP · 연동 QA"
"8. 회수 · 분배","Q7-3","LP","납입·분배","분배 › 수령 기록","미래 수령일 차단","차단","","4xx (미래 불가)","통과","422 INVALID_DATE","LP · 연동 QA"
"8. 회수 · 분배","Q7-4","LP","납입·분배","분배 › 수령 기록","수령 기록 → 분배 대사 일치","연동","GP → LP · GP 원장 분배","분배 대사 ""일치"" 16.98억 / 16.98억, 주의 목록에서 빠짐","통과","16.98 / 16.98 matched","LP · 연동 QA"
"9. 성과 분석","Q8-1","LP","대시보드","대시보드","포트폴리오 숫자 = 성과 화면","기능","","TVPI · 납입 · 분배 · 평가액이 같다","통과","TVPI 1.1072 · 납입 35억 · 3건","LP · 연동 QA"
"9. 성과 분석","Q8-2","LP","포트폴리오","성과","화면 간 숫자 일치 점검","기능","","모두 일치","통과","✔ 모두 일치 (확인 89개)","LP · 연동 QA"
"10. 해산 · 청산","G7-4","GP","조합","개요 › 상태 이동","청산 완료 (해산 → 청산 완료)","기능","","청산 조건 모두 ✓ → 청산 완료","통과","조건 ✓✓✓✓ · 200 · liquidated","GP 단독 QA"
"10. 해산 · 청산","G7-5","GP","조합","재무·회계 › 현금·비용","청산된 조합 기록 차단","차단","","4xx","통과","409 FUND_STATUS_NOT_ALLOWED 기타 비용은 결성 이후에 기록합니다","GP 단독 QA"
"10. 해산 · 청산","Q9-1","LP","포트폴리오","출자 건 › 청산 확인","조건 미충족 청산 차단","차단","","422, 조건표에 ""미완납 캐피탈콜"" ✕","통과","422 CLOSE_CHECK_FAILED","LP · 연동 QA"
"10. 해산 · 청산","Q9-2","LP","포트폴리오","출자 건 › 청산 확인","청산 확인 → 최종 성과 고정","기능","","출자 건 ""청산"", 최종 성과 고정","통과","200 · closed · 납입 20억","LP · 연동 QA"
"10. 해산 · 청산","Q9-3","LP","포트폴리오","출자 건","청산 후 새 캐피탈콜 차단","차단","","409","통과","409 COMMITMENT_NOT_ACTIVE","LP · 연동 QA"
"11. 공통 (권한 · 보안 · 화면)","G8-1","GP","구성원","구성원 상세 › 계정","조회 권한 계정 쓰기 차단","차단","","조회 계정으로 조합 만들기 → 403","통과","계정 201 · 권한 200 · 로그인 200 · 쓰기 403 FORBIDDEN 업무 기록은(는) 관리자·운용 권한이 필요합니다 (내 권한: 조회)","GP 단독 QA"
"11. 공통 (권한 · 보안 · 화면)","G8-2","GP","감사 로그","감사 로그","거부 시도 기록","기능","","거부(denied) 기록에 그 요청이 있음","통과","QA 조회 계정 POST /api/v1/funds 403","GP 단독 QA"
"11. 공통 (권한 · 보안 · 화면)","G8-3","GP","LP 연동","LP 연동 API","키 없는 · 틀린 키 요청 차단","차단","","401","통과","키 없음 401 · 틀린 키 401","GP 단독 QA"
"11. 공통 (권한 · 보안 · 화면)","G8-4","GP","LP 연동","이벤트","연동 이벤트 실패 없음","기능","","실패 0","통과","실패 0 · 대기 0 · 전송 398","GP 단독 QA"
"11. 공통 (권한 · 보안 · 화면)","G8-5","GP","공통","전체 메뉴 · 조합 탭","모든 메뉴 · 조합 탭 화면 열림","기능","","모두 200","통과","메뉴 9 + 조합 탭 19 = 28개 모두 200","GP 단독 QA"
"11. 공통 (권한 · 보안 · 화면)","Q0-1","공통","로그인","데모로 둘러보기","LP 6개 계정 · GP 데모 로그인","기능","","모두 200","통과","200,200,200,200,200,200,200","LP · 연동 QA"
"11. 공통 (권한 · 보안 · 화면)","Q0-2","LP","기관 설정","GP 연동","연결 상태 · 처리 실패 이벤트","기능","","GP 연결 1개, 처리 실패 이벤트 0","통과","연결 VC ERP (GP) 데모 · 실패 0","LP · 연동 QA"
"11. 공통 (권한 · 보안 · 화면)","Q10-1","LP","공통","기관 분리","다른 기관 데이터 404","차단","","모두 404","통과","404,404,404,404","LP · 연동 QA"
"11. 공통 (권한 · 보안 · 화면)","Q10-2","LP","연동 API","웹훅 받기","서명 위조 웹훅 차단 · 저장 안 됨","연동 · 차단","GP → LP","401, 인박스에 저장되지 않음","통과","401 · 인박스 13 → 13","LP · 연동 QA"
"11. 공통 (권한 · 보안 · 화면)","Q10-3","LP","기관 설정","GP 연동","놓친 이벤트 지금 가져오기","연동","GP → LP · GP 이벤트 목록","200, 새로 실패한 이벤트 0","통과","200 · 실패 0","LP · 연동 QA"
"11. 공통 (권한 · 보안 · 화면)","Q10-4","LP","공통","전체 메뉴","모든 메뉴 목록 화면 열림","기능","","모두 200","통과","모두 200","LP · 연동 QA"